ip_address,timestamp,success,country,is_attack
200.20.10.1,1781113473,1,Brazil,0
192.168.1.50,1781113838,0,Brazil,0
10.0.0.5,1781114262,1,Brazil,0
185.15.2.1,1781114726,0,North Korea,1
185.15.2.1,1781114787,0,North Korea,1
192.168.1.50,1781114939,0,Brazil,0
10.0.0.5,1781116125,1,Brazil,0
200.20.10.1,1781116528,1,Brazil,0
10.0.0.5,1781116667,1,Brazil,0
192.168.1.50,1781116865,1,Brazil,0
10.0.0.5,1781117213,1,Brazil,0
192.168.1.50,1781118776,1,Brazil,0
10.0.0.5,1781118996,0,Brazil,0
45.178.23.9,1781120244,0,China,1
45.178.23.9,1781123049,0,North Korea,1
200.20.10.1,1781123162,1,Brazil,0
192.168.1.50,1781123184,1,Brazil,0
45.178.23.9,1781123863,0,North Korea,1
200.20.10.1,1781124759,1,Brazil,0
192.168.1.50,1781124913,1,Brazil,0
200.20.10.1,1781125563,0,Brazil,0
45.178.23.9,1781128142,0,North Korea,1
110.10.1.55,1781129250,0,China,1
192.168.1.50,1781129841,1,Brazil,0
200.20.10.1,1781129857,1,Brazil,0
192.168.1.50,1781130737,1,Brazil,0
192.168.1.50,1781131601,1,Brazil,0
192.168.1.50,1781131776,1,Brazil,0
110.10.1.55,1781132897,0,Russia,1
200.20.10.1,1781133073,1,Brazil,0
192.168.1.50,1781133150,0,Brazil,0
200.20.10.1,1781133471,1,Brazil,0
192.168.1.50,1781133589,1,Brazil,0
10.0.0.5,1781133903,1,Brazil,0
200.20.10.1,1781134338,1,Brazil,0
192.168.1.50,1781134905,1,Brazil,0
192.168.1.50,1781135312,1,Brazil,0
10.0.0.5,1781135603,1,Brazil,0
200.20.10.1,1781135654,1,Brazil,0
10.0.0.5,1781135916,1,Brazil,0
45.178.23.9,1781136286,0,China,1
10.0.0.5,1781137194,1,Brazil,0
110.10.1.55,1781137679,0,North Korea,1
10.0.0.5,1781139022,1,Brazil,0
200.20.10.1,1781139689,1,Brazil,0
110.10.1.55,1781140180,0,Russia,1
192.168.1.50,1781140790,1,Brazil,0
185.15.2.1,1781141044,0,China,1
10.0.0.5,1781141048,1,Brazil,0
200.20.10.1,1781141328,1,Brazil,0
200.20.10.1,1781141344,1,Brazil,0
200.20.10.1,1781141541,1,Brazil,0
200.20.10.1,1781142937,1,Brazil,0
200.20.10.1,1781143257,1,Brazil,0
192.168.1.50,1781144060,1,Brazil,0
192.168.1.50,1781145043,1,Brazil,0
192.168.1.50,1781145199,1,Brazil,0
192.168.1.50,1781145216,1,Brazil,0
200.20.10.1,1781145488,1,Brazil,0
185.15.2.1,1781145785,0,Russia,1
192.168.1.50,1781145930,1,Brazil,0
200.20.10.1,1781146333,1,Brazil,0
192.168.1.50,1781146936,1,Brazil,0
200.20.10.1,1781147103,1,Brazil,0
200.20.10.1,1781147293,1,Brazil,0
10.0.0.5,1781147358,1,Brazil,0
192.168.1.50,1781147434,1,Brazil,0
185.15.2.1,1781147480,0,North Korea,1
110.10.1.55,1781147502,0,Russia,1
192.168.1.50,1781147504,1,Brazil,0
45.178.23.9,1781147892,0,China,1
200.20.10.1,1781148854,0,Brazil,0
10.0.0.5,1781148912,1,Brazil,0
10.0.0.5,1781149061,1,Brazil,0
200.20.10.1,1781150022,1,Brazil,0
200.20.10.1,1781150442,1,Brazil,0
45.178.23.9,1781150684,0,North Korea,1
10.0.0.5,1781151041,1,Brazil,0
10.0.0.5,1781151308,1,Brazil,0
10.0.0.5,1781151814,1,Brazil,0
192.168.1.50,1781152703,0,Brazil,0
192.168.1.50,1781152738,1,Brazil,0
110.10.1.55,1781152756,0,North Korea,1
10.0.0.5,1781155244,1,Brazil,0
10.0.0.5,1781155727,1,Brazil,0
192.168.1.50,1781157330,1,Brazil,0
200.20.10.1,1781157716,1,Brazil,0
10.0.0.5,1781157944,1,Brazil,0
192.168.1.50,1781158069,1,Brazil,0
10.0.0.5,1781158097,1,Brazil,0
200.20.10.1,1781158440,1,Brazil,0
200.20.10.1,1781158541,1,Brazil,0
200.20.10.1,1781158696,1,Brazil,0
10.0.0.5,1781158912,1,Brazil,0
185.15.2.1,1781159014,0,North Korea,1
192.168.1.50,1781159083,1,Brazil,0
10.0.0.5,1781159361,1,Brazil,0
10.0.0.5,1781160429,1,Brazil,0
10.0.0.5,1781160926,1,Brazil,0
192.168.1.50,1781161596,1,Brazil,0
192.168.1.50,1781162515,1,Brazil,0
200.20.10.1,1781162572,1,Brazil,0
200.20.10.1,1781162674,1,Brazil,0
192.168.1.50,1781162922,1,Brazil,0
185.15.2.1,1781163710,0,Russia,1
200.20.10.1,1781163776,1,Brazil,0
200.20.10.1,1781163923,1,Brazil,0
192.168.1.50,1781164171,0,Brazil,0
200.20.10.1,1781166055,1,Brazil,0
110.10.1.55,1781167999,0,China,1
10.0.0.5,1781168773,1,Brazil,0
10.0.0.5,1781169997,1,Brazil,0
192.168.1.50,1781171141,1,Brazil,0
10.0.0.5,1781172434,1,Brazil,0
185.15.2.1,1781172488,0,Russia,1
10.0.0.5,1781173909,0,Brazil,0
192.168.1.50,1781176316,1,Brazil,0
200.20.10.1,1781179313,1,Brazil,0
200.20.10.1,1781179757,1,Brazil,0
10.0.0.5,1781182354,1,Brazil,0
10.0.0.5,1781182370,1,Brazil,0
192.168.1.50,1781183169,0,Brazil,0
192.168.1.50,1781183327,1,Brazil,0
10.0.0.5,1781184043,1,Brazil,0
192.168.1.50,1781185103,1,Brazil,0
192.168.1.50,1781185140,1,Brazil,0
10.0.0.5,1781185200,1,Brazil,0
192.168.1.50,1781185661,1,Brazil,0
192.168.1.50,1781185905,1,Brazil,0
200.20.10.1,1781186176,1,Brazil,0
185.15.2.1,1781187403,0,North Korea,1
192.168.1.50,1781187412,1,Brazil,0
185.15.2.1,1781187494,0,North Korea,1
192.168.1.50,1781187515,1,Brazil,0
192.168.1.50,1781187572,1,Brazil,0
200.20.10.1,1781188267,1,Brazil,0
110.10.1.55,1781189085,0,North Korea,1
10.0.0.5,1781189255,1,Brazil,0
45.178.23.9,1781189612,0,Russia,1
192.168.1.50,1781189662,1,Brazil,0
200.20.10.1,1781191706,1,Brazil,0
200.20.10.1,1781192282,1,Brazil,0
10.0.0.5,1781192533,1,Brazil,0
185.15.2.1,1781193359,0,North Korea,1
192.168.1.50,1781193753,0,Brazil,0
192.168.1.50,1781193872,1,Brazil,0
200.20.10.1,1781194681,1,Brazil,0
10.0.0.5,1781194946,1,Brazil,0
192.168.1.50,1781195296,1,Brazil,0
200.20.10.1,1781195334,1,Brazil,0
45.178.23.9,1781196854,0,China,1
10.0.0.5,1781197093,1,Brazil,0
10.0.0.5,1781197206,1,Brazil,0
10.0.0.5,1781197290,1,Brazil,0
110.10.1.55,1781198003,0,North Korea,1
10.0.0.5,1781198532,1,Brazil,0
200.20.10.1,1781198842,1,Brazil,0
10.0.0.5,1781198898,1,Brazil,0
10.0.0.5,1781199647,0,Brazil,0
192.168.1.50,1781199816,1,Brazil,0
10.0.0.5,1781200960,1,Brazil,0
10.0.0.5,1781201929,0,Brazil,0
192.168.1.50,1781203020,1,Brazil,0
192.168.1.50,1781203055,1,Brazil,0
200.20.10.1,1781204400,1,Brazil,0
110.10.1.55,1781204850,0,Russia,1
10.0.0.5,1781204968,1,Brazil,0
192.168.1.50,1781205598,0,Brazil,0
192.168.1.50,1781206067,1,Brazil,0
192.168.1.50,1781206292,1,Brazil,0
200.20.10.1,1781206869,1,Brazil,0
200.20.10.1,1781208143,1,Brazil,0
45.178.23.9,1781210317,0,North Korea,1
185.15.2.1,1781211764,0,China,1
192.168.1.50,1781211961,1,Brazil,0
45.178.23.9,1781212123,0,Russia,1
192.168.1.50,1781213249,1,Brazil,0
110.10.1.55,1781214305,0,North Korea,1
185.15.2.1,1781215037,0,China,1
185.15.2.1,1781215207,0,Russia,1
192.168.1.50,1781218068,1,Brazil,0
192.168.1.50,1781218654,1,Brazil,0
200.20.10.1,1781218680,1,Brazil,0
10.0.0.5,1781219284,1,Brazil,0
185.15.2.1,1781219609,0,Russia,1
185.15.2.1,1781220843,0,Russia,1
10.0.0.5,1781221089,1,Brazil,0
10.0.0.5,1781221207,1,Brazil,0
10.0.0.5,1781221296,1,Brazil,0
10.0.0.5,1781221662,0,Brazil,0
45.178.23.9,1781223579,0,China,1
10.0.0.5,1781225030,1,Brazil,0
10.0.0.5,1781225287,1,Brazil,0
45.178.23.9,1781225814,0,Russia,1
10.0.0.5,1781227082,1,Brazil,0
10.0.0.5,1781227277,1,Brazil,0
200.20.10.1,1781228850,1,Brazil,0
200.20.10.1,1781229699,1,Brazil,0
200.20.10.1,1781231015,1,Brazil,0
10.0.0.5,1781231766,1,Brazil,0
110.10.1.55,1781231882,0,Russia,1
200.20.10.1,1781231967,1,Brazil,0
185.15.2.1,1781232443,0,North Korea,1
10.0.0.5,1781233326,1,Brazil,0
192.168.1.50,1781233605,1,Brazil,0
192.168.1.50,1781233972,1,Brazil,0
10.0.0.5,1781234664,1,Brazil,0
192.168.1.50,1781236664,1,Brazil,0
200.20.10.1,1781238260,1,Brazil,0
192.168.1.50,1781238662,1,Brazil,0
10.0.0.5,1781238850,1,Brazil,0
110.10.1.55,1781240681,0,North Korea,1
10.0.0.5,1781240956,1,Brazil,0
200.20.10.1,1781241211,1,Brazil,0
10.0.0.5,1781242005,1,Brazil,0
185.15.2.1,1781242466,0,China,1
200.20.10.1,1781243141,1,Brazil,0
200.20.10.1,1781243703,1,Brazil,0
200.20.10.1,1781244014,1,Brazil,0
200.20.10.1,1781244261,1,Brazil,0
10.0.0.5,1781244379,1,Brazil,0
192.168.1.50,1781244742,1,Brazil,0
10.0.0.5,1781245280,1,Brazil,0
192.168.1.50,1781247935,1,Brazil,0
10.0.0.5,1781248008,1,Brazil,0
192.168.1.50,1781248166,1,Brazil,0
10.0.0.5,1781248817,1,Brazil,0
192.168.1.50,1781248927,1,Brazil,0
200.20.10.1,1781249014,1,Brazil,0
200.20.10.1,1781250477,1,Brazil,0
200.20.10.1,1781250579,1,Brazil,0
10.0.0.5,1781251159,1,Brazil,0
192.168.1.50,1781251435,1,Brazil,0
192.168.1.50,1781251602,0,Brazil,0
10.0.0.5,1781251898,1,Brazil,0
192.168.1.50,1781252467,1,Brazil,0
10.0.0.5,1781253646,1,Brazil,0
185.15.2.1,1781253663,0,North Korea,1
192.168.1.50,1781255861,1,Brazil,0
110.10.1.55,1781255945,0,China,1
10.0.0.5,1781258204,1,Brazil,0
10.0.0.5,1781259332,1,Brazil,0
110.10.1.55,1781260530,0,Russia,1
185.15.2.1,1781261131,0,Russia,1
10.0.0.5,1781261218,1,Brazil,0
10.0.0.5,1781262142,1,Brazil,0
200.20.10.1,1781262638,1,Brazil,0
192.168.1.50,1781262960,1,Brazil,0
10.0.0.5,1781263031,1,Brazil,0
10.0.0.5,1781263358,0,Brazil,0
192.168.1.50,1781263376,1,Brazil,0
200.20.10.1,1781264514,1,Brazil,0
10.0.0.5,1781264558,1,Brazil,0
10.0.0.5,1781264920,1,Brazil,0
192.168.1.50,1781265192,1,Brazil,0
192.168.1.50,1781265312,1,Brazil,0
192.168.1.50,1781265628,1,Brazil,0
192.168.1.50,1781266649,1,Brazil,0
192.168.1.50,1781267354,1,Brazil,0
10.0.0.5,1781267993,1,Brazil,0
192.168.1.50,1781268536,1,Brazil,0
192.168.1.50,1781268682,0,Brazil,0
110.10.1.55,1781269496,0,China,1
192.168.1.50,1781271331,1,Brazil,0
10.0.0.5,1781271407,0,Brazil,0
10.0.0.5,1781273138,1,Brazil,0
192.168.1.50,1781273164,1,Brazil,0
185.15.2.1,1781273174,0,China,1
10.0.0.5,1781274353,1,Brazil,0
110.10.1.55,1781275000,0,China,1
10.0.0.5,1781275867,1,Brazil,0
10.0.0.5,1781276101,1,Brazil,0
200.20.10.1,1781277102,1,Brazil,0
200.20.10.1,1781277636,1,Brazil,0
192.168.1.50,1781278038,1,Brazil,0
10.0.0.5,1781278216,1,Brazil,0
45.178.23.9,1781278218,0,Russia,1
45.178.23.9,1781278358,0,North Korea,1
110.10.1.55,1781279389,0,China,1
200.20.10.1,1781280683,1,Brazil,0
10.0.0.5,1781280716,1,Brazil,0
110.10.1.55,1781281852,0,North Korea,1
192.168.1.50,1781282229,1,Brazil,0
192.168.1.50,1781282803,1,Brazil,0
10.0.0.5,1781283052,1,Brazil,0
200.20.10.1,1781283107,1,Brazil,0
200.20.10.1,1781283241,1,Brazil,0
110.10.1.55,1781283929,0,Russia,1
192.168.1.50,1781285890,1,Brazil,0
10.0.0.5,1781286117,1,Brazil,0
192.168.1.50,1781286938,0,Brazil,0
10.0.0.5,1781287424,1,Brazil,0
10.0.0.5,1781287579,0,Brazil,0
200.20.10.1,1781287731,0,Brazil,0
192.168.1.50,1781287840,1,Brazil,0
10.0.0.5,1781287913,1,Brazil,0
200.20.10.1,1781288710,1,Brazil,0
200.20.10.1,1781289475,1,Brazil,0
200.20.10.1,1781289487,1,Brazil,0
10.0.0.5,1781289582,1,Brazil,0
192.168.1.50,1781289646,0,Brazil,0
192.168.1.50,1781289700,1,Brazil,0
185.15.2.1,1781291710,0,Russia,1
192.168.1.50,1781293220,1,Brazil,0
200.20.10.1,1781293439,1,Brazil,0
192.168.1.50,1781293496,1,Brazil,0
10.0.0.5,1781293554,1,Brazil,0
10.0.0.5,1781295258,1,Brazil,0
200.20.10.1,1781296449,1,Brazil,0
200.20.10.1,1781297543,1,Brazil,0
200.20.10.1,1781300769,1,Brazil,0
192.168.1.50,1781300917,1,Brazil,0
200.20.10.1,1781301513,1,Brazil,0
192.168.1.50,1781301757,0,Brazil,0
10.0.0.5,1781302373,0,Brazil,0
10.0.0.5,1781302947,1,Brazil,0
192.168.1.50,1781303246,1,Brazil,0
200.20.10.1,1781304195,1,Brazil,0
200.20.10.1,1781304948,1,Brazil,0
192.168.1.50,1781305468,1,Brazil,0
200.20.10.1,1781305938,1,Brazil,0
200.20.10.1,1781309349,1,Brazil,0
10.0.0.5,1781309457,1,Brazil,0
192.168.1.50,1781309877,1,Brazil,0
200.20.10.1,1781310864,1,Brazil,0
185.15.2.1,1781311901,0,Russia,1
200.20.10.1,1781313004,1,Brazil,0
192.168.1.50,1781313251,1,Brazil,0
45.178.23.9,1781314326,0,Russia,1
110.10.1.55,1781315155,0,North Korea,1
10.0.0.5,1781316584,1,Brazil,0
185.15.2.1,1781316693,0,China,1
200.20.10.1,1781317520,1,Brazil,0
200.20.10.1,1781318313,1,Brazil,0
10.0.0.5,1781318321,1,Brazil,0
200.20.10.1,1781319570,1,Brazil,0
10.0.0.5,1781319663,1,Brazil,0
110.10.1.55,1781320259,0,North Korea,1
110.10.1.55,1781320522,0,China,1
200.20.10.1,1781321306,1,Brazil,0
192.168.1.50,1781323468,1,Brazil,0
192.168.1.50,1781323992,1,Brazil,0
110.10.1.55,1781324047,0,Russia,1
200.20.10.1,1781324060,1,Brazil,0
45.178.23.9,1781324199,0,China,1
10.0.0.5,1781326142,1,Brazil,0
192.168.1.50,1781326419,1,Brazil,0
192.168.1.50,1781326847,1,Brazil,0
10.0.0.5,1781328331,1,Brazil,0
45.178.23.9,1781328435,0,North Korea,1
200.20.10.1,1781330090,1,Brazil,0
192.168.1.50,1781330764,1,Brazil,0
192.168.1.50,1781330990,1,Brazil,0
10.0.0.5,1781331554,1,Brazil,0
10.0.0.5,1781331879,1,Brazil,0
110.10.1.55,1781332094,0,Russia,1
192.168.1.50,1781332838,1,Brazil,0
200.20.10.1,1781333135,1,Brazil,0
192.168.1.50,1781333273,1,Brazil,0
10.0.0.5,1781334656,1,Brazil,0
10.0.0.5,1781336608,0,Brazil,0
185.15.2.1,1781337159,0,Russia,1
10.0.0.5,1781337275,1,Brazil,0
10.0.0.5,1781338189,1,Brazil,0
10.0.0.5,1781339285,1,Brazil,0
200.20.10.1,1781339790,0,Brazil,0
200.20.10.1,1781340452,1,Brazil,0
45.178.23.9,1781340812,0,China,1
45.178.23.9,1781341490,0,China,1
10.0.0.5,1781343626,1,Brazil,0
192.168.1.50,1781343904,1,Brazil,0
200.20.10.1,1781344105,0,Brazil,0
10.0.0.5,1781345246,1,Brazil,0
192.168.1.50,1781345778,1,Brazil,0
110.10.1.55,1781347323,0,Russia,1
200.20.10.1,1781347345,1,Brazil,0
200.20.10.1,1781347656,1,Brazil,0
200.20.10.1,1781348817,0,Brazil,0
200.20.10.1,1781349043,1,Brazil,0
200.20.10.1,1781349245,1,Brazil,0
185.15.2.1,1781351007,0,North Korea,1
200.20.10.1,1781351292,1,Brazil,0
200.20.10.1,1781351983,1,Brazil,0
10.0.0.5,1781352359,1,Brazil,0
192.168.1.50,1781352817,1,Brazil,0
10.0.0.5,1781353962,0,Brazil,0
45.178.23.9,1781354376,0,China,1
192.168.1.50,1781354787,1,Brazil,0
192.168.1.50,1781355477,1,Brazil,0
110.10.1.55,1781355569,0,Russia,1
110.10.1.55,1781356255,0,Russia,1
10.0.0.5,1781358299,1,Brazil,0
200.20.10.1,1781358381,0,Brazil,0
192.168.1.50,1781359633,1,Brazil,0
200.20.10.1,1781359935,1,Brazil,0
192.168.1.50,1781360464,1,Brazil,0
10.0.0.5,1781361191,1,Brazil,0
200.20.10.1,1781361321,1,Brazil,0
192.168.1.50,1781362322,1,Brazil,0
185.15.2.1,1781362567,0,China,1
10.0.0.5,1781362744,1,Brazil,0
10.0.0.5,1781363465,1,Brazil,0
200.20.10.1,1781364545,1,Brazil,0
192.168.1.50,1781366257,1,Brazil,0
192.168.1.50,1781367620,1,Brazil,0
10.0.0.5,1781367890,1,Brazil,0
185.15.2.1,1781367943,0,China,1
110.10.1.55,1781368605,0,North Korea,1
10.0.0.5,1781369675,0,Brazil,0
200.20.10.1,1781370200,1,Brazil,0
200.20.10.1,1781370697,1,Brazil,0
10.0.0.5,1781371279,1,Brazil,0
200.20.10.1,1781371742,1,Brazil,0
192.168.1.50,1781372778,1,Brazil,0
10.0.0.5,1781373977,1,Brazil,0
200.20.10.1,1781375457,1,Brazil,0
185.15.2.1,1781376837,0,North Korea,1
185.15.2.1,1781376966,0,North Korea,1
192.168.1.50,1781377231,1,Brazil,0
10.0.0.5,1781377329,1,Brazil,0
10.0.0.5,1781377356,1,Brazil,0
10.0.0.5,1781378310,1,Brazil,0
192.168.1.50,1781378716,1,Brazil,0
200.20.10.1,1781380309,1,Brazil,0
10.0.0.5,1781380961,1,Brazil,0
45.178.23.9,1781380982,0,Russia,1
10.0.0.5,1781381719,1,Brazil,0
192.168.1.50,1781381960,1,Brazil,0
10.0.0.5,1781382213,1,Brazil,0
192.168.1.50,1781383164,1,Brazil,0
10.0.0.5,1781383458,1,Brazil,0
200.20.10.1,1781384530,1,Brazil,0
110.10.1.55,1781385002,0,North Korea,1
10.0.0.5,1781387040,1,Brazil,0
45.178.23.9,1781388894,0,North Korea,1
200.20.10.1,1781388982,1,Brazil,0
10.0.0.5,1781389776,1,Brazil,0
200.20.10.1,1781389828,0,Brazil,0
110.10.1.55,1781389847,0,Russia,1
192.168.1.50,1781390152,1,Brazil,0
10.0.0.5,1781390916,1,Brazil,0
200.20.10.1,1781391659,1,Brazil,0
192.168.1.50,1781392013,1,Brazil,0
192.168.1.50,1781392802,1,Brazil,0
10.0.0.5,1781393407,1,Brazil,0
10.0.0.5,1781393748,1,Brazil,0
192.168.1.50,1781394433,1,Brazil,0
10.0.0.5,1781394745,1,Brazil,0
200.20.10.1,1781395453,1,Brazil,0
192.168.1.50,1781395520,1,Brazil,0
10.0.0.5,1781395686,1,Brazil,0
10.0.0.5,1781395843,0,Brazil,0
10.0.0.5,1781397646,1,Brazil,0
10.0.0.5,1781398208,1,Brazil,0
192.168.1.50,1781398454,1,Brazil,0
192.168.1.50,1781398650,1,Brazil,0
185.15.2.1,1781399141,0,North Korea,1
110.10.1.55,1781401139,0,North Korea,1
10.0.0.5,1781401856,1,Brazil,0
10.0.0.5,1781402486,1,Brazil,0
10.0.0.5,1781402584,1,Brazil,0
10.0.0.5,1781403298,1,Brazil,0
185.15.2.1,1781403495,0,China,1
10.0.0.5,1781403696,1,Brazil,0
192.168.1.50,1781403734,1,Brazil,0
192.168.1.50,1781404334,1,Brazil,0
200.20.10.1,1781405344,1,Brazil,0
10.0.0.5,1781406848,1,Brazil,0
200.20.10.1,1781406873,1,Brazil,0
45.178.23.9,1781407356,0,Russia,1
10.0.0.5,1781407934,1,Brazil,0
10.0.0.5,1781409084,1,Brazil,0
200.20.10.1,1781409092,1,Brazil,0
192.168.1.50,1781409258,1,Brazil,0
192.168.1.50,1781409714,1,Brazil,0
200.20.10.1,1781410101,1,Brazil,0
200.20.10.1,1781410192,1,Brazil,0
10.0.0.5,1781411088,1,Brazil,0
192.168.1.50,1781411447,1,Brazil,0
192.168.1.50,1781411591,0,Brazil,0
185.15.2.1,1781412463,0,North Korea,1
192.168.1.50,1781413297,1,Brazil,0
10.0.0.5,1781413411,1,Brazil,0
200.20.10.1,1781413693,1,Brazil,0
10.0.0.5,1781414617,0,Brazil,0
200.20.10.1,1781414850,1,Brazil,0
110.10.1.55,1781414962,0,China,1
110.10.1.55,1781416163,0,Russia,1
200.20.10.1,1781416430,1,Brazil,0
10.0.0.5,1781416902,1,Brazil,0
200.20.10.1,1781416941,1,Brazil,0
10.0.0.5,1781417389,1,Brazil,0
192.168.1.50,1781417427,1,Brazil,0
10.0.0.5,1781417737,1,Brazil,0
192.168.1.50,1781418024,1,Brazil,0
110.10.1.55,1781418204,0,North Korea,1
185.15.2.1,1781418603,0,Russia,1
45.178.23.9,1781418714,0,North Korea,1
10.0.0.5,1781419825,0,Brazil,0
45.178.23.9,1781420234,0,Russia,1
200.20.10.1,1781420468,1,Brazil,0
200.20.10.1,1781420819,1,Brazil,0
192.168.1.50,1781421347,1,Brazil,0
185.15.2.1,1781421402,0,North Korea,1
192.168.1.50,1781422735,1,Brazil,0
200.20.10.1,1781423317,1,Brazil,0
200.20.10.1,1781423971,1,Brazil,0
200.20.10.1,1781424612,1,Brazil,0
10.0.0.5,1781424922,1,Brazil,0
200.20.10.1,1781425349,1,Brazil,0
192.168.1.50,1781425400,1,Brazil,0
185.15.2.1,1781425465,0,Russia,1
200.20.10.1,1781425787,1,Brazil,0
200.20.10.1,1781425950,1,Brazil,0
200.20.10.1,1781427690,1,Brazil,0
185.15.2.1,1781429323,0,China,1
10.0.0.5,1781429372,1,Brazil,0
10.0.0.5,1781429500,1,Brazil,0
192.168.1.50,1781430190,1,Brazil,0
10.0.0.5,1781432451,1,Brazil,0
10.0.0.5,1781432537,1,Brazil,0
10.0.0.5,1781432639,1,Brazil,0
192.168.1.50,1781433481,1,Brazil,0
10.0.0.5,1781433790,1,Brazil,0
200.20.10.1,1781434182,1,Brazil,0
200.20.10.1,1781434271,1,Brazil,0
185.15.2.1,1781434410,0,North Korea,1
10.0.0.5,1781434654,1,Brazil,0
110.10.1.55,1781435219,0,Russia,1
185.15.2.1,1781435234,0,North Korea,1
192.168.1.50,1781436616,1,Brazil,0
192.168.1.50,1781437322,1,Brazil,0
110.10.1.55,1781437351,0,North Korea,1
110.10.1.55,1781438194,0,North Korea,1
200.20.10.1,1781440145,1,Brazil,0
10.0.0.5,1781440499,1,Brazil,0
200.20.10.1,1781440919,1,Brazil,0
192.168.1.50,1781442106,1,Brazil,0
192.168.1.50,1781442570,1,Brazil,0
10.0.0.5,1781444180,1,Brazil,0
110.10.1.55,1781444262,0,China,1
192.168.1.50,1781444438,1,Brazil,0
10.0.0.5,1781444533,1,Brazil,0
200.20.10.1,1781444834,1,Brazil,0
10.0.0.5,1781445405,1,Brazil,0
10.0.0.5,1781448045,1,Brazil,0
10.0.0.5,1781448607,1,Brazil,0
200.20.10.1,1781449397,1,Brazil,0
200.20.10.1,1781449838,1,Brazil,0
185.15.2.1,1781450391,0,China,1
10.0.0.5,1781450402,1,Brazil,0
110.10.1.55,1781451211,0,China,1
10.0.0.5,1781451552,1,Brazil,0
10.0.0.5,1781452829,1,Brazil,0
45.178.23.9,1781453306,0,Russia,1
200.20.10.1,1781453479,1,Brazil,0
200.20.10.1,1781453651,1,Brazil,0
192.168.1.50,1781454135,1,Brazil,0
192.168.1.50,1781454595,1,Brazil,0
10.0.0.5,1781454936,1,Brazil,0
185.15.2.1,1781455052,0,Russia,1
200.20.10.1,1781455247,1,Brazil,0
10.0.0.5,1781455552,1,Brazil,0
10.0.0.5,1781455602,1,Brazil,0
10.0.0.5,1781456040,1,Brazil,0
192.168.1.50,1781456261,1,Brazil,0
192.168.1.50,1781456622,1,Brazil,0
192.168.1.50,1781456959,1,Brazil,0
200.20.10.1,1781457631,0,Brazil,0
10.0.0.5,1781458045,1,Brazil,0
200.20.10.1,1781458498,1,Brazil,0
200.20.10.1,1781458723,1,Brazil,0
185.15.2.1,1781458943,0,China,1
200.20.10.1,1781459532,1,Brazil,0
200.20.10.1,1781460813,1,Brazil,0
10.0.0.5,1781460814,1,Brazil,0
200.20.10.1,1781460947,1,Brazil,0
192.168.1.50,1781461025,1,Brazil,0
192.168.1.50,1781462960,1,Brazil,0
10.0.0.5,1781463076,1,Brazil,0
192.168.1.50,1781465217,1,Brazil,0
192.168.1.50,1781465298,1,Brazil,0
200.20.10.1,1781466200,1,Brazil,0
185.15.2.1,1781467564,0,Russia,1
10.0.0.5,1781468971,1,Brazil,0
10.0.0.5,1781469159,0,Brazil,0
200.20.10.1,1781469205,0,Brazil,0
185.15.2.1,1781469718,0,North Korea,1
45.178.23.9,1781469817,0,China,1
192.168.1.50,1781470577,1,Brazil,0
200.20.10.1,1781471206,1,Brazil,0
10.0.0.5,1781474523,1,Brazil,0
192.168.1.50,1781474606,1,Brazil,0
192.168.1.50,1781475015,1,Brazil,0
200.20.10.1,1781475810,1,Brazil,0
192.168.1.50,1781475872,1,Brazil,0
200.20.10.1,1781475968,0,Brazil,0
10.0.0.5,1781478669,0,Brazil,0
192.168.1.50,1781478686,1,Brazil,0
200.20.10.1,1781479808,1,Brazil,0
45.178.23.9,1781479812,0,China,1
10.0.0.5,1781480184,1,Brazil,0
110.10.1.55,1781481152,0,Russia,1
10.0.0.5,1781481442,0,Brazil,0
10.0.0.5,1781483067,0,Brazil,0
110.10.1.55,1781484634,0,North Korea,1
110.10.1.55,1781484709,0,Russia,1
10.0.0.5,1781485758,1,Brazil,0
192.168.1.50,1781485990,1,Brazil,0
185.15.2.1,1781486740,0,China,1
200.20.10.1,1781487201,1,Brazil,0
200.20.10.1,1781487915,1,Brazil,0
10.0.0.5,1781488341,1,Brazil,0
200.20.10.1,1781489742,1,Brazil,0
110.10.1.55,1781491588,0,Russia,1
185.15.2.1,1781492884,0,Russia,1
200.20.10.1,1781493424,1,Brazil,0
110.10.1.55,1781494362,0,North Korea,1
10.0.0.5,1781494604,1,Brazil,0
192.168.1.50,1781496438,0,Brazil,0
10.0.0.5,1781498175,1,Brazil,0
10.0.0.5,1781498190,0,Brazil,0
45.178.23.9,1781498602,0,China,1
10.0.0.5,1781499103,1,Brazil,0
200.20.10.1,1781499149,1,Brazil,0
192.168.1.50,1781499474,1,Brazil,0
200.20.10.1,1781499504,1,Brazil,0
10.0.0.5,1781499538,1,Brazil,0
200.20.10.1,1781499595,1,Brazil,0
200.20.10.1,1781499925,1,Brazil,0
110.10.1.55,1781500042,0,North Korea,1
192.168.1.50,1781500568,1,Brazil,0
45.178.23.9,1781500644,0,China,1
10.0.0.5,1781501295,1,Brazil,0
45.178.23.9,1781501433,0,North Korea,1
10.0.0.5,1781502135,1,Brazil,0
192.168.1.50,1781502706,1,Brazil,0
200.20.10.1,1781504842,1,Brazil,0
10.0.0.5,1781505050,1,Brazil,0
192.168.1.50,1781505503,1,Brazil,0
200.20.10.1,1781506483,1,Brazil,0
110.10.1.55,1781506553,0,China,1
10.0.0.5,1781506888,1,Brazil,0
10.0.0.5,1781507296,1,Brazil,0
185.15.2.1,1781508176,0,North Korea,1
45.178.23.9,1781509032,0,Russia,1
10.0.0.5,1781510539,1,Brazil,0
10.0.0.5,1781511262,1,Brazil,0
192.168.1.50,1781511404,1,Brazil,0
10.0.0.5,1781511565,1,Brazil,0
200.20.10.1,1781511844,1,Brazil,0
200.20.10.1,1781512575,1,Brazil,0
200.20.10.1,1781512680,1,Brazil,0
200.20.10.1,1781512981,1,Brazil,0
45.178.23.9,1781514222,0,Russia,1
45.178.23.9,1781514358,0,Russia,1
10.0.0.5,1781514473,1,Brazil,0
192.168.1.50,1781515513,1,Brazil,0
200.20.10.1,1781517353,0,Brazil,0
45.178.23.9,1781517527,0,Russia,1
192.168.1.50,1781517576,0,Brazil,0
10.0.0.5,1781517928,1,Brazil,0
45.178.23.9,1781518007,0,China,1
200.20.10.1,1781518204,1,Brazil,0
200.20.10.1,1781518399,1,Brazil,0
192.168.1.50,1781519339,1,Brazil,0
192.168.1.50,1781519759,1,Brazil,0
200.20.10.1,1781520331,1,Brazil,0
192.168.1.50,1781522221,1,Brazil,0
192.168.1.50,1781523096,1,Brazil,0
192.168.1.50,1781523942,1,Brazil,0
192.168.1.50,1781524544,1,Brazil,0
192.168.1.50,1781526262,1,Brazil,0
10.0.0.5,1781526425,1,Brazil,0
200.20.10.1,1781526725,1,Brazil,0
45.178.23.9,1781527577,0,North Korea,1
10.0.0.5,1781527760,1,Brazil,0
10.0.0.5,1781529457,1,Brazil,0
45.178.23.9,1781529814,0,North Korea,1
200.20.10.1,1781530158,1,Brazil,0
10.0.0.5,1781530864,0,Brazil,0
200.20.10.1,1781530902,1,Brazil,0
200.20.10.1,1781531645,1,Brazil,0
45.178.23.9,1781532077,0,Russia,1
192.168.1.50,1781533253,1,Brazil,0
10.0.0.5,1781533713,0,Brazil,0
10.0.0.5,1781534491,1,Brazil,0
192.168.1.50,1781535199,1,Brazil,0
185.15.2.1,1781535595,0,North Korea,1
192.168.1.50,1781536590,1,Brazil,0
192.168.1.50,1781537217,1,Brazil,0
200.20.10.1,1781537658,0,Brazil,0
192.168.1.50,1781538917,1,Brazil,0
45.178.23.9,1781539869,0,China,1
10.0.0.5,1781540114,1,Brazil,0
45.178.23.9,1781540859,0,Russia,1
45.178.23.9,1781541159,0,Russia,1
10.0.0.5,1781541178,1,Brazil,0
192.168.1.50,1781541762,1,Brazil,0
192.168.1.50,1781542059,1,Brazil,0
200.20.10.1,1781542786,1,Brazil,0
10.0.0.5,1781543361,1,Brazil,0
10.0.0.5,1781543673,1,Brazil,0
10.0.0.5,1781543982,1,Brazil,0
192.168.1.50,1781544585,1,Brazil,0
110.10.1.55,1781544797,0,North Korea,1
192.168.1.50,1781544980,1,Brazil,0
192.168.1.50,1781545180,0,Brazil,0
200.20.10.1,1781545407,0,Brazil,0
192.168.1.50,1781545634,1,Brazil,0
10.0.0.5,1781546240,1,Brazil,0
200.20.10.1,1781547012,1,Brazil,0
200.20.10.1,1781547215,1,Brazil,0
200.20.10.1,1781548069,1,Brazil,0
10.0.0.5,1781548383,1,Brazil,0
185.15.2.1,1781548640,0,Russia,1
10.0.0.5,1781549617,1,Brazil,0
10.0.0.5,1781550137,1,Brazil,0
185.15.2.1,1781550496,0,Russia,1
192.168.1.50,1781550720,1,Brazil,0
110.10.1.55,1781552368,0,Russia,1
185.15.2.1,1781554956,0,Russia,1
10.0.0.5,1781556199,1,Brazil,0
200.20.10.1,1781556541,1,Brazil,0
10.0.0.5,1781556816,1,Brazil,0
192.168.1.50,1781556883,1,Brazil,0
192.168.1.50,1781557195,1,Brazil,0
200.20.10.1,1781557272,1,Brazil,0
10.0.0.5,1781557866,1,Brazil,0
200.20.10.1,1781560336,1,Brazil,0
192.168.1.50,1781560634,0,Brazil,0
10.0.0.5,1781564081,1,Brazil,0
45.178.23.9,1781564221,0,China,1
185.15.2.1,1781565080,0,Russia,1
192.168.1.50,1781565136,1,Brazil,0
110.10.1.55,1781565411,0,North Korea,1
192.168.1.50,1781566195,1,Brazil,0
10.0.0.5,1781567548,1,Brazil,0
45.178.23.9,1781568148,0,North Korea,1
110.10.1.55,1781568457,0,North Korea,1
10.0.0.5,1781569010,0,Brazil,0
10.0.0.5,1781569954,1,Brazil,0
200.20.10.1,1781570072,1,Brazil,0
192.168.1.50,1781570880,1,Brazil,0
10.0.0.5,1781570909,1,Brazil,0
192.168.1.50,1781571578,1,Brazil,0
185.15.2.1,1781571929,0,China,1
10.0.0.5,1781572185,1,Brazil,0
10.0.0.5,1781572268,0,Brazil,0
200.20.10.1,1781572449,1,Brazil,0
192.168.1.50,1781573070,1,Brazil,0
200.20.10.1,1781574549,1,Brazil,0
10.0.0.5,1781575624,1,Brazil,0
10.0.0.5,1781576035,1,Brazil,0
192.168.1.50,1781576077,1,Brazil,0
10.0.0.5,1781576325,1,Brazil,0
192.168.1.50,1781576431,1,Brazil,0
200.20.10.1,1781576473,1,Brazil,0
10.0.0.5,1781576709,1,Brazil,0
10.0.0.5,1781576771,1,Brazil,0
110.10.1.55,1781578523,0,North Korea,1
200.20.10.1,1781578848,1,Brazil,0
192.168.1.50,1781579082,1,Brazil,0
192.168.1.50,1781579694,1,Brazil,0
45.178.23.9,1781579696,0,North Korea,1
10.0.0.5,1781580295,1,Brazil,0
45.178.23.9,1781580846,0,North Korea,1
192.168.1.50,1781581749,1,Brazil,0
110.10.1.55,1781582109,0,North Korea,1
192.168.1.50,1781582628,1,Brazil,0
110.10.1.55,1781582684,0,North Korea,1
45.178.23.9,1781583284,0,China,1
185.15.2.1,1781583319,0,Russia,1
10.0.0.5,1781583491,1,Brazil,0
200.20.10.1,1781583669,0,Brazil,0
45.178.23.9,1781583913,0,China,1
192.168.1.50,1781584544,1,Brazil,0
10.0.0.5,1781585659,1,Brazil,0
192.168.1.50,1781585894,1,Brazil,0
200.20.10.1,1781585997,1,Brazil,0
185.15.2.1,1781586321,0,China,1
45.178.23.9,1781586561,0,China,1
192.168.1.50,1781586946,1,Brazil,0
200.20.10.1,1781587001,1,Brazil,0
185.15.2.1,1781587457,0,North Korea,1
185.15.2.1,1781587679,0,Russia,1
192.168.1.50,1781587850,1,Brazil,0
192.168.1.50,1781588235,1,Brazil,0
200.20.10.1,1781588354,0,Brazil,0
192.168.1.50,1781589055,1,Brazil,0
200.20.10.1,1781590183,1,Brazil,0
10.0.0.5,1781590562,0,Brazil,0
192.168.1.50,1781590750,1,Brazil,0
10.0.0.5,1781591045,0,Brazil,0
10.0.0.5,1781591567,1,Brazil,0
110.10.1.55,1781591596,0,Russia,1
10.0.0.5,1781591719,1,Brazil,0
45.178.23.9,1781592889,0,North Korea,1
10.0.0.5,1781593091,1,Brazil,0
192.168.1.50,1781593781,1,Brazil,0
192.168.1.50,1781594037,1,Brazil,0
10.0.0.5,1781594622,1,Brazil,0
10.0.0.5,1781594823,1,Brazil,0
200.20.10.1,1781594998,1,Brazil,0
200.20.10.1,1781595498,0,Brazil,0
110.10.1.55,1781595773,0,North Korea,1
10.0.0.5,1781596070,1,Brazil,0
10.0.0.5,1781598384,1,Brazil,0
192.168.1.50,1781598691,1,Brazil,0
200.20.10.1,1781598757,1,Brazil,0
10.0.0.5,1781598763,1,Brazil,0
45.178.23.9,1781599898,0,Russia,1
200.20.10.1,1781601900,1,Brazil,0
192.168.1.50,1781603618,0,Brazil,0
200.20.10.1,1781603883,1,Brazil,0
185.15.2.1,1781604430,0,Russia,1
200.20.10.1,1781605122,1,Brazil,0
192.168.1.50,1781606241,1,Brazil,0
200.20.10.1,1781607222,1,Brazil,0
185.15.2.1,1781609492,0,China,1
110.10.1.55,1781609671,0,China,1
192.168.1.50,1781610011,1,Brazil,0
192.168.1.50,1781610649,1,Brazil,0
192.168.1.50,1781610870,1,Brazil,0
200.20.10.1,1781611553,0,Brazil,0
10.0.0.5,1781611697,0,Brazil,0
185.15.2.1,1781613336,0,China,1
185.15.2.1,1781613689,0,China,1
10.0.0.5,1781614282,1,Brazil,0
192.168.1.50,1781614399,1,Brazil,0
45.178.23.9,1781614524,0,China,1
192.168.1.50,1781614657,0,Brazil,0
45.178.23.9,1781615573,0,North Korea,1
192.168.1.50,1781616584,1,Brazil,0
192.168.1.50,1781616813,1,Brazil,0
10.0.0.5,1781617122,1,Brazil,0
110.10.1.55,1781617985,0,North Korea,1
10.0.0.5,1781618551,1,Brazil,0
192.168.1.50,1781620510,1,Brazil,0
192.168.1.50,1781620558,1,Brazil,0
192.168.1.50,1781621141,1,Brazil,0
192.168.1.50,1781621602,1,Brazil,0
192.168.1.50,1781621812,1,Brazil,0
110.10.1.55,1781622901,0,North Korea,1
200.20.10.1,1781623159,1,Brazil,0
10.0.0.5,1781623363,1,Brazil,0
200.20.10.1,1781623430,1,Brazil,0
10.0.0.5,1781623515,1,Brazil,0
10.0.0.5,1781624751,1,Brazil,0
45.178.23.9,1781625257,0,Russia,1
192.168.1.50,1781625605,0,Brazil,0
200.20.10.1,1781625836,1,Brazil,0
192.168.1.50,1781626103,1,Brazil,0
10.0.0.5,1781626189,1,Brazil,0
200.20.10.1,1781627116,0,Brazil,0
192.168.1.50,1781628048,1,Brazil,0
45.178.23.9,1781628225,0,North Korea,1
10.0.0.5,1781629800,1,Brazil,0
200.20.10.1,1781630427,1,Brazil,0
10.0.0.5,1781631629,1,Brazil,0
10.0.0.5,1781632329,0,Brazil,0
10.0.0.5,1781632960,1,Brazil,0
192.168.1.50,1781633681,1,Brazil,0
45.178.23.9,1781634140,0,China,1
192.168.1.50,1781634698,1,Brazil,0
200.20.10.1,1781634948,1,Brazil,0
192.168.1.50,1781634989,1,Brazil,0
200.20.10.1,1781635014,1,Brazil,0
192.168.1.50,1781635768,1,Brazil,0
200.20.10.1,1781636531,1,Brazil,0
10.0.0.5,1781637474,1,Brazil,0
200.20.10.1,1781637687,1,Brazil,0
110.10.1.55,1781638025,0,Russia,1
10.0.0.5,1781639107,1,Brazil,0
192.168.1.50,1781641508,1,Brazil,0
192.168.1.50,1781642013,1,Brazil,0
185.15.2.1,1781642208,0,Russia,1
200.20.10.1,1781644130,0,Brazil,0
192.168.1.50,1781644270,1,Brazil,0
192.168.1.50,1781644985,0,Brazil,0
192.168.1.50,1781646341,1,Brazil,0
10.0.0.5,1781647150,1,Brazil,0
200.20.10.1,1781647418,0,Brazil,0
192.168.1.50,1781647582,1,Brazil,0
185.15.2.1,1781648439,0,Russia,1
192.168.1.50,1781648550,1,Brazil,0
192.168.1.50,1781649733,1,Brazil,0
10.0.0.5,1781650097,1,Brazil,0
192.168.1.50,1781651709,1,Brazil,0
10.0.0.5,1781651958,1,Brazil,0
200.20.10.1,1781653997,1,Brazil,0
200.20.10.1,1781654055,1,Brazil,0
192.168.1.50,1781654796,1,Brazil,0
10.0.0.5,1781655302,1,Brazil,0
10.0.0.5,1781655857,1,Brazil,0
185.15.2.1,1781656209,0,Russia,1
192.168.1.50,1781656594,1,Brazil,0
192.168.1.50,1781656773,1,Brazil,0
185.15.2.1,1781657930,0,North Korea,1
200.20.10.1,1781658128,1,Brazil,0
110.10.1.55,1781658457,0,Russia,1
10.0.0.5,1781658466,1,Brazil,0
10.0.0.5,1781658950,1,Brazil,0
45.178.23.9,1781659072,0,China,1
10.0.0.5,1781659231,1,Brazil,0
200.20.10.1,1781659474,1,Brazil,0
10.0.0.5,1781659659,1,Brazil,0
200.20.10.1,1781660162,1,Brazil,0
192.168.1.50,1781660214,1,Brazil,0
200.20.10.1,1781660394,1,Brazil,0
200.20.10.1,1781660468,1,Brazil,0
10.0.0.5,1781661041,0,Brazil,0
10.0.0.5,1781661498,1,Brazil,0
192.168.1.50,1781662326,1,Brazil,0
10.0.0.5,1781662501,1,Brazil,0
192.168.1.50,1781662746,1,Brazil,0
192.168.1.50,1781662747,1,Brazil,0
192.168.1.50,1781663470,0,Brazil,0
10.0.0.5,1781664318,1,Brazil,0
110.10.1.55,1781665636,0,China,1
10.0.0.5,1781665771,1,Brazil,0
192.168.1.50,1781666495,1,Brazil,0
200.20.10.1,1781666996,1,Brazil,0
10.0.0.5,1781667435,1,Brazil,0
10.0.0.5,1781667554,1,Brazil,0
192.168.1.50,1781668083,1,Brazil,0
192.168.1.50,1781668256,1,Brazil,0
45.178.23.9,1781668338,0,Russia,1
192.168.1.50,1781669402,1,Brazil,0
192.168.1.50,1781670610,1,Brazil,0
192.168.1.50,1781670761,1,Brazil,0
200.20.10.1,1781674022,1,Brazil,0
110.10.1.55,1781674057,0,North Korea,1
192.168.1.50,1781674238,1,Brazil,0
110.10.1.55,1781674365,0,North Korea,1
192.168.1.50,1781675166,1,Brazil,0
200.20.10.1,1781675636,1,Brazil,0
200.20.10.1,1781675870,1,Brazil,0
192.168.1.50,1781676544,1,Brazil,0
192.168.1.50,1781676893,1,Brazil,0
200.20.10.1,1781678822,1,Brazil,0
10.0.0.5,1781679124,1,Brazil,0
185.15.2.1,1781679337,0,North Korea,1
200.20.10.1,1781679576,1,Brazil,0
185.15.2.1,1781679906,0,North Korea,1
10.0.0.5,1781680263,1,Brazil,0
10.0.0.5,1781680634,1,Brazil,0
110.10.1.55,1781680666,0,North Korea,1
185.15.2.1,1781682651,0,Russia,1
10.0.0.5,1781683844,1,Brazil,0
200.20.10.1,1781683861,1,Brazil,0
192.168.1.50,1781683931,1,Brazil,0
192.168.1.50,1781683939,1,Brazil,0
200.20.10.1,1781684153,1,Brazil,0
192.168.1.50,1781685551,1,Brazil,0
110.10.1.55,1781686036,0,China,1
10.0.0.5,1781688447,1,Brazil,0
10.0.0.5,1781688487,1,Brazil,0
200.20.10.1,1781689140,1,Brazil,0
10.0.0.5,1781690390,1,Brazil,0
200.20.10.1,1781690437,1,Brazil,0
200.20.10.1,1781690852,1,Brazil,0
192.168.1.50,1781691695,1,Brazil,0
200.20.10.1,1781692374,1,Brazil,0
192.168.1.50,1781692422,1,Brazil,0
192.168.1.50,1781692770,1,Brazil,0
200.20.10.1,1781693921,1,Brazil,0
200.20.10.1,1781693950,1,Brazil,0
200.20.10.1,1781694356,1,Brazil,0
10.0.0.5,1781694575,1,Brazil,0
192.168.1.50,1781694592,1,Brazil,0
45.178.23.9,1781695161,0,Russia,1
192.168.1.50,1781695565,1,Brazil,0
10.0.0.5,1781695832,1,Brazil,0
110.10.1.55,1781695912,0,China,1
192.168.1.50,1781697833,1,Brazil,0
200.20.10.1,1781698392,1,Brazil,0
10.0.0.5,1781699763,1,Brazil,0
110.10.1.55,1781699899,0,China,1
200.20.10.1,1781700298,0,Brazil,0
192.168.1.50,1781700334,1,Brazil,0
185.15.2.1,1781700900,0,China,1
110.10.1.55,1781704332,0,Russia,1
200.20.10.1,1781704372,1,Brazil,0
200.20.10.1,1781704837,0,Brazil,0
200.20.10.1,1781704921,1,Brazil,0
10.0.0.5,1781706925,1,Brazil,0
200.20.10.1,1781707115,1,Brazil,0
192.168.1.50,1781709686,1,Brazil,0
200.20.10.1,1781710288,1,Brazil,0
200.20.10.1,1781711604,1,Brazil,0
192.168.1.50,1781712059,1,Brazil,0
185.15.2.1,1781712189,0,North Korea,1
200.20.10.1,1781712762,0,Brazil,0
10.0.0.5,1781712978,0,Brazil,0
10.0.0.5,1781713102,1,Brazil,0
110.10.1.55,1781713354,0,North Korea,1
192.168.1.50,1781714212,1,Brazil,0
192.168.1.50,1781714937,1,Brazil,0
200.20.10.1,1781716696,1,Brazil,0
